<?xml version="1.0" encoding="utf-8"?>
<modification>
	<name>Coffee Shop Crm</name>
	<version>1.1.11</version>
	<code>ahahahahhahah_allrighty_then</code>
	<author>L. Guy</author>
	<link>http://tiny.cc/cscrm</link>
	
	<file path="admin/controller/common/header.php">
		<operation>
			<search><![CDATA[return $this->load->view('common/header.tpl', $data);]]></search>
			<add  position="before"><![CDATA[
				$this->load->controller('coffeeshopcrm/ribbon');
				$data['ribbon'] = $this->response->getOutput();
				
			]]></add>
		</operation>
	</file>

	<file path="admin/view/template/common/header.tpl">
		<operation>
			<search><![CDATA[</header>]]></search>
			<add  position="before"><![CDATA[
			
				<?php echo $ribbon; ?>
				
			]]></add>
		</operation>
		</file>

	<file path="admin/controller/common/dashboard.php">
		<operation>
			<search><![CDATA[$data['footer'] = $this->load->controller('common/footer');]]></search>
			<add  position="after"><![CDATA[
			
				$stage_tables = array ('sale','order','service');
				foreach ($stage_tables as $stage_table) {
					$this->session->data['dash_cr_type'] = $stage_table;
					$this->load->controller('coffeeshopcrm/dashboard');
					$data['stables'][$stage_table] = $this->response->getOutput();
				}
				unset($this->session->data['dash_cr_type']);
				
			]]></add>
		</operation>
	</file>

	<file path="admin/view/template/common/dashboard.tpl">
		<operation>
			<search><![CDATA[<div class="col-lg-8 col-md-12 col-sm-12 col-sx-12"> <?php echo $recent; ?> </div>]]></search>
			<add  position="after"><![CDATA[
			</div>
			<div class="row">
				<?php foreach ($stables as $stable) { ?>
					<div class="col-lg-4 col-md-4 col-sm-4">
					<?php echo $stable; ?>
					</div>
				<?php } ?>
				
				
			]]></add>
		</operation>
		</file>


	<file path="admin/language/english/customer/customer.php">
		<operation>
			<search><![CDATA[$_['heading_title']         = 'Customers';]]></search>
			<add  position="after"><![CDATA[$_['link_title']                           = 'Manage Over Coffee';]]></add>
		</operation>
		</file>
		
	<file path="admin/controller/customer/customer.php">
		<operation>
			<search><![CDATA[$data['customers'][] = array(]]></search>
			<add  position="after"><![CDATA[
				'coffee'           => $this->url->link('coffeeshopcrm/home/gohome', 'token=' . $this->session->data['token'] . '&customer_id=' . $result['customer_id'] . $url, 'SSL'),
				
			]]></add>
		</operation>
	</file>

	<file path="admin/controller/customer/customer.php">
		<operation>
			<search><![CDATA[$data['entry_date_added'] = $this->language->get('entry_date_added');]]></search>
			<add  position="after"><![CDATA[
				$data['link_title'] = $this->language->get('link_title');
			]]></add>
		</operation>
	</file>

		
	<file path="admin/view/template/customer/customer_list.tpl">
		<operation>
			<search><![CDATA[<a href="<?php echo $customer['edit']; ?>]]></search>
			<add  position="before"><![CDATA[
			<a href="<?php echo $customer['coffee']; ?>" data-toggle="tooltip" title="<?php echo $link_title; ?>" class="btn btn-warning"><i class="fa fa-coffee"></i></a>
			]]></add>
		</operation>
		</file>
	
</modification>